"image","xmin","ymin","xmax","ymax","label"
"2Q__%2520(1).jpg",30.20614828209765,15.112304687500002,111.97106690777576,93.75813802083334,"CatFace"
"2Q__%2520(2).jpg",81.85171790235081,0.6700442779291553,198.14104882459313,122.33761920980926,"CatFace"
"2Q__.jpg",4.6835443037974684,3.8000452898550727,104.44303797468353,104.08023852657006,"CatFace"
"9k_%2520(2).jpg",59.00723327305606,6.488543459552496,181.37793851717902,126.83277753872633,"CatFace"
"9k_%2520(1).jpg",69.74864376130199,3.4352893890675245,237.36166365280292,141.18448553054662,"CatFace"
"9k_%2520(4).jpg",95.30560578661846,27.091471354166668,159.36347197106693,94.27897135416667,"CatFace"
"9k_%2520(3).jpg",68.76130198915008,47.4005424954792,182.6853526220615,154.8146473779385,"CatFace"
"9k_%2520(5).jpg",132.88426763110306,9.992654914529915,270.13562386980107,139.14650106837607,"CatFace"